01.jpg,http://134.249.121.87/Rozetka/Photo/29339301_1.jpg,http://134.249.121.87/Rozetka/Photo/29339301_2.jpg,http://134.249.121.87/Rozetka/Photo/29339301_3.jpg;"";"";"";"";"";"";"";"";"";"";"";"<STRONG>BI&amp;KI</STRONG> - международный бренд, специализирующийся на изготовлении детской и подростковой обуви. За счет профессионального подхода и полного контроля над всей производственной цепочкой компания <STRONG>BI&amp;KI </STRONG>успешно движется в направлении достижения мирового уровня качества продукции с соответствующим стандартом предлагаемых услуг, способствующих реализации бренда на международном рынке. <STRONG>BI&amp;KI</STRONG> - специализированное предприятие полного цикла от планирования, проектирования, выбора технологии, производства, изготовления, контроля качества - до реализации, доставки и обслуживания возможных претензий.<BR><STRONG>BI&amp;KI</STRONG> - это удобная и стильная детская обувь, которая производится по самым инновационным мировым технологиям.<BR>Поэтому бренд стал символом отличного качества и лидером в производстве недорогих моделей обуви для детей и подростков.<BR>Все материалы, которые применяются в выпуске изделий, проходят строгую сертификацию, это свидетельствует об ответственном отношении к производству товаров.<BR>Самое большое внимание производители уделяют правильному формированию стоп ребенка. Продукция <STRONG>BI&amp;KI </STRONG>соответствует этим стандартам. Качественно выполненная, разработанная с учетом рекомендаций специалистов, обувь позволяет избежать патологий. Для профилактики плоскостопия производитель оснащает свои модели анатомическими стельками-супинаторами, сотрудники внимательно подходит к выбору высоты каблука, его ширины.<BR>Модели имеют жесткий задник, который фиксирует ногу. Грамотно разработанные и изготовленные модели имеют при этом вполне доступную стоимость, так что все родители получают возможность купить своим деткам качественную продукцию.<BR>Обувь этой марки с удовольствием носят все дети, радует она своим качеством и родителей. ";" 24";"";"";"Розовый,Белый"
29339302;"Одежда, обувь и аксессуары,Обувь,Детская обувь,Обувь для девочек,Босоножки, тапочки,Босоножки";"Босоножки BI&KI 15,7 см 25 р Розовый + Белый C-B44-42-A";"2904293393024";"C-B44-42-A";"BI&KI";300;0;http://134.249.121.87/Rozetka/Photo/29339302.jpg,http://134.249.121.87/Rozetka/Photo/29339302_1.jpg,http://134.249.121.87/Rozetka/Photo/29339302_2.jpg,http://134.249.121.87/Rozetka/Photo/29339302_3.jpg;"";"";"";"";"";"";"";"";"";"";"";"<STRONG>BI&amp;KI</STRONG> - международный бренд, специализирующийся на изготовлении детской и подростковой обуви. За счет профессионального подхода и полного контроля над всей производственной цепочкой компания <STRONG>BI&amp;KI </STRONG>успешно движется в направлении достижения мирового уровня качества продукции с соответствующим стандартом предлагаемых услуг, способствующих реализации бренда на международном рынке. <STRONG>BI&amp;KI</STRONG> - специализированное предприятие полного цикла от планирования, проектирования, выбора технологии, производства, изготовления, контроля качества - до реализации, доставки и обслуживания возможных претензий.<BR><STRONG>BI&amp;KI</STRONG> - это удобная и стильная детская обувь, которая производится по самым инновационным мировым технологиям.<BR>Поэтому бренд стал символом отличного качества и лидером в производстве недорогих моделей обуви для детей и подростков.<BR>Все материалы, которые применяются в выпуске изделий, проходят строгую сертификацию, это свидетельствует об ответственном отношении к производству товаров.<BR>Самое большое внимание производители уделяют правильному формированию стоп ребенка. Продукция <STRONG>BI&amp;KI </STRONG>соответствует этим стандартам. Качественно выполненная, разработанная с учетом рекомендаций специалистов, обувь позволяет избежать патологий. Для профилактики плоскостопия производитель оснащает свои модели анатомическими стельками-супинаторами, сотрудники внимательно подходит к выбору высоты каблука, его ширины.<BR>Модели имеют жесткий задник, который фиксирует ногу. Грамотно разработанные и изготовленные модели имеют при этом вполне доступную стоимость, так что все родители получают возможность купить своим деткам качественную продукцию.<BR>Обувь этой марки с удовольствием носят все дети, радует она своим качеством и родителей. ";" 25";"";"";"Розовый,Белый"
29339303;"Одежда, обувь и аксессуары,Обувь,Детская обувь,Обувь для девочек,Босоножки, тапочки,Босоножки";"Босоножки BI&KI 16,4 см 26 р Розовый + Белый C-B44-42-A";"2904293393031";"C-B44-42-A";"BI&KI";300;1;http://134.249.121.87/Rozetka/Photo/29339303.jpg,http://134.249.121.87/Rozetka/Photo/29339303_1.jpg,http://134.249.121.87/Rozetka/Photo/29339303_2.jpg,http://134.249.121.87/Rozetka/Photo/29339303_3.jpg;"";"";"";"";"";"";"";"";"";"";"";"<STRONG>BI&amp;KI</STRONG> - международный бренд, специализирующийся на изготовлении детской и подростковой обуви. За счет профессионального подхода и полного контроля над всей производственной цепочкой компания <STRONG>BI&amp;KI </STRONG>успешно движется в направлении достижения мирового уровня качества продукции с соответствующим стандартом предлагаемых услуг, способствующих реализации бренда на международном рынке. <STRONG>BI&amp;KI</STRONG> - специализированное предприятие полного цикла от планирования, проектирования, выбора технологии, производства, изготовления, контроля качества - до реализации, доставки и обслуживания возможных претензий.<BR><STRONG>BI&amp;KI</STRONG> - это удобная и стильная детская обувь, которая производится по самым инновационным мировым технологиям.<BR>Поэтому бренд стал символом отличного качества и лидером в производстве недорогих моделей обуви для детей и подростков.<BR>Все материалы, которые применяются в выпуске изделий, проходят строгую сертификацию, это свидетельствует об ответственном отношении к производству товаров.<BR>Самое большое внимание производители уделяют правильному формированию стоп ребенка. Продукция <STRONG>BI&amp;KI </STRONG>соответствует этим стандартам. Качественно выполненная, разработанная с учетом рекомендаций специалистов, обувь позволяет избежать патологий. Для профилактики плоскостопия производитель оснащает свои модели анатомическими стельками-супинаторами, сотрудники внимательно подходит к выбору высоты каблука, его ширины.<BR>Модели имеют жесткий задник, который фиксирует ногу. Грамотно разработанные и изготовленные модели имеют при этом вполне доступную стоимость, так что все родители получают возможность купить своим деткам качественную продукцию.<BR>Обувь этой марки с удовольствием носят все дети, радует она своим качеством и родителей. ";" 26";"";"";"Розовый,Белый"
29339304;"Одежда, обувь и аксессуары,Обувь,Детская обувь,Обувь для девочек,Босоножки, тапочки,Босоножки";"Босоножки LadaBB 11,3 см 18 р Светло-розовый М39-8";"2904293393048";"М39-8";"LadaBB";338;0;http://134.249.121.87/Rozetka/Photo/29339304.jpg,http://134.249.121.87/Rozetka/Photo/29339304_1.jpg,http://134.249.121.87/Rozetka/Photo/29339304_2.jpg,http://134.249.121.87/Rozetka/Photo/29339304_3.jpg;"";"";"";"";"";"";"";"";"";"";"";"Кожаные открытые босоножки для девочек от бренда<STRONG> Ladabb </STRONG>всегда радуют нас своим качеством и оригинальностью. Внутри кожаная стелька с супинатором, задник достаточно высокий. Босоножки застегивается на липучки. Отличное сочетание цены и качества. ";"18";"";"";"Светло-розовый"
29339305;"Одежда, обувь и аксессуары,Обувь,Детская обувь,Обувь для девочек,Босоножки, тапочки,Босоножки";"Босоножки LadaBB 12 см 19 р Светло-розовый М39-8";"2904293393055";"М39-8";"LadaBB";338;0;http://134.249.121.87/Rozetka/Photo/29339305.jpg,http://134.249.121.87/Rozetka/Photo/29339305_1.jpg,http://134.249.121.87/Rozetka/Photo/29339305_2.jpg,http://134.249.121.87/Rozetka/Photo/29339305_3.jpg;"";"";"";"";"";"";"";"";"";"";"";"Кожаные открытые босоножки для девочек от бренда<STRONG> Ladabb </STRONG>всегда радуют нас своим качеством и оригинальностью. Внутри кожаная стелька с супинатором, задник достаточно высокий. Босоножки застегивается на липучки. Отличное сочетание цены и качества. ";"19";"";"";"Светло-розовый"
29339306;"Одежда, обувь и аксессуары,Обувь,Детская обувь,Обувь для девочек,Босоножки, тапочки,Босоножки";"Босоножки LadaBB 12,8 см 20 р Светло-розовый М39-8";"2904293393062";"М39-8";"LadaBB";338;0;http://134.249.121.87/Rozetka/Photo/29339306.jpg,http://134.249.121.87/Rozetka/Photo/29339306_1.jpg,http://134.249.121.87/Rozetka/Photo/29339306_2.jpg,http://134.249.121.87/Rozetka/Photo/29339306_3.jpg;"";"";"";"";"";"";"";"";"";"";"";"Кожаные открытые босоножки для девочек от бренда<STRONG> Ladabb </STRONG>всегда радуют нас своим качеством и оригинальностью. Внутри кожаная стелька с супинатором, задник достаточно высокий. Босоножки застегивается на липучки. Отличное сочетание цены и качества. ";"20";"";"";"Светло-розовый"
29339307;"Одежда, обувь и аксессуары,Обувь,Детская обувь,Обувь для девочек,Босоножки, тапочки,Босоножки";"Босоножки LadaBB 13,4 см 21 р Светло-розовый М39-8";"2904293393079";"М39-8";"LadaBB";338;2;http://134.249.121.87/Rozetka/Photo/29339307.jpg,http://134.249.121.87/Rozetka/Photo/29339307_1.jpg,http://134.249.121.87/Rozetka/Photo/29339307_2.jpg,http://134.249.121.87/Rozetka/Photo/29339307_3.jpg;"";"";"";"";"";"";"";"";"";"";"";"Кожаные открытые босоножки для девочек от бренда<STRONG> Ladabb </STRONG>всегда радуют нас своим качеством и оригинальностью. Внутри кожаная стелька с супинатором, задник достаточно высокий. Босоножки застегивается на липучки. Отличное сочетание цены и качества. ";"21";"";"";"Светло-розовый"
29339308;"Одежда, обувь и аксессуары,Обувь,Детская обувь,Обувь для девочек,Босоножки, тапочки,Босоножки";"Босоножки LadaBB 14 см 22 р Светло-розовый М39-8";"2904293393086";"М39-8";"LadaBB";338;1;http://134.249.121.87/Rozetka/Photo/29339308.jpg,http://134.249.121.87/Rozetka/Photo/29339308_1.jpg,http://134.249.121.87/Rozetka/Photo/29339308_2.jpg,http://134.249.121.87/Rozetka/Photo/29339308_3.jpg;"";"";"";"";"";"";"";"";"";"";"";"Кожаные открытые босоножки для девочек от бренда<STRONG> Ladabb </STRONG>всегда радуют нас своим качеством и оригинальностью. Внутри кожаная стелька с супинатором, задник достаточно высокий. Босоножки застегивается на липучки. Отличное сочетание цены и качества. ";"22";"";"";"Светло-розовый"
29339309;"Одежда, обувь и аксессуары,Обувь,Детская обувь,Обувь для девочек,Босоножки, тапочки,Босоножки";"Босоножки LadaBB 14,7 см 23 р Светло-розовый М39-8";"2904293393093";"М39-8";"LadaBB";338;0;http://134.249.121.87/Rozetka/Photo/29339309.jpg,http://134.249.121.87/Rozetka/Photo/29339309_1.jpg,http://134.249.121.87/Rozetka/Photo/29339309_2.jpg,http://134.249.121.87/Rozetka/Photo/29339309_3.jpg;"";"";"";"";"";"";"";"";"";"";"";"Кожаные открытые босоножки для девочек от бренда<STRONG> Ladabb </STRONG>всегда радуют нас своим качеством и оригинальностью. Внутри кожаная стелька с супинатором, задник достаточно высокий. Босоножки застегивается на липучки. Отличное сочетание цены и качества. ";"23";"";"";"Светло-розовый"
29339310;"Одежда, обувь и аксессуары,Обувь,Детская обувь,Обувь для девочек,Босоножки, тапочки,Босоножки";"Босоножки WeeStep 16,7 см 26 р Светло-розовый R529050541P";"2904293393109";"R529050541P";"WeeStep";430;1;http://134.249.121.87/Rozetka/Photo/29339310.jpg,http://134.249.121.87/Rozetka/Photo/29339310_1.jpg,http://134.249.121.87/Rozetka/Photo/29339310_2.jpg;"";"";"";"";"";"";"";"";"";"";"";"Летние босоножки с закрытым носком для девочки. Они изготовлены из комбинированной (вся передняя часть из натуральной кожи, а пятка из экокожи) кожи в светло-розовом цвете. Подошва из поливинилхлорида характеризуется высокой износостойкостью и устойчивостью к деформации. Небольшой каблук помогает формированию правильного свода стопы. Мягкая кожаная стелька снижает нагрузку во время ходьбы, регулирует циркуляцию воздуха, делает прогулку комфортной. Жесткий задник и две регулируемые липучки отлично фиксируют обувь на детских ногах. Закрытый носок защищает пальцы ребенка от ударов и мелких камней. Подарите малышам комфортные летние прогулки в удобной детской обуви от <STRONG>ТМ Weestep</STRONG>.<BR>Детская обувь <STRONG>Weestep</STRONG>&nbsp; хорошо зарекомендовала себя на многих мировых рынках, благодаря высокому качеству и модным трендовым моделям. А идеальное соотношение цены и качества помогает продавать эту обувь легко и с удовольствием!<BR>При производстве обуви <STRONG>Weestep</STRONG> сырье проходит строгий отбор и проверку на экологичность.&nbsp; Для упаковки используется картон, который может перерабатываться и повторно использоваться.<BR>Бренд <STRONG>Weestep</STRONG> развивает дистрибьюцию во всем мире и уже покорил много стран!<BR>С осени 2019 года компания <STRONG>Weestep</STRONG> стала эксклюзивным представителем в Украине известного в Европе и Америке бренда.<BR>В каждой паре кожаная стелька с супинатором,&nbsp; которая предотвратит&nbsp; плоскостопие, а ортопедическая подошва не приведет ребенка к косолапию. ";" 26";"";"";"Светло-розовый"
29339311;"Одежда, обувь и аксессуары,Обувь,Детская обувь,Обувь для девочек,Босоножки, тапочки,Босоножки";"Босоножки WeeStep 17,5 см 27 р Светло-розовый R529050541P";"2904293393116";"R529050541P";"WeeStep";430;0;http://134.249.121.87/Rozetka/Photo/29339311.jpg,http://134.249.121.87/Rozetka/Photo/29339311_1.jpg,http://134.249.121.87/Rozetka/Photo/29339311_2.jpg;"";"";"";"";"";"";"";"";"";"";"";"Летние босоножки с закрытым носком для девочки. Они изготовлены из комбинированной (вся передняя часть из натуральной кожи, а пятка из экокожи) кожи в светло-розовом цвете. Подошва из поливинилхлорида характеризуется высокой износостойкостью и устойчивостью к деформации. Небольшой каблук помогает формированию правильного свода стопы. Мягкая кожаная стелька снижает нагрузку во время ходьбы, регулирует циркуляцию воздуха, делает прогулку комфортной. Жесткий задник и две регулируемые липучки отлично фиксируют обувь на детских ногах. Закрытый носок защищает пальцы ребенка от ударов и мелких камней. Подарите малышам комфортные летние прогулки в удобной детской обуви от <STRONG>ТМ Weestep</STRONG>.<BR>Детская обувь <STRONG>Weestep</STRONG>&nbsp; хорошо зарекомендовала себя на многих мировых рынках, благодаря высокому качеству и модным трендовым моделям. А идеальное соотношение цены и качества помогает продавать эту обувь легко и с удовольствием!<BR>При производстве обуви <STRONG>Weestep</STRONG> сырье проходит строгий отбор и проверку на экологичность.&nbsp; Для упаковки используется картон, который может перерабатываться и повторно использоваться.<BR>Бренд <STRONG>Weestep</STRONG> развивает дистрибьюцию во всем мире и уже покорил много стран!<BR>С осени 2019 года компания <STRONG>Weestep</STRONG> стала эксклюзивным представителем в Украине известного в Европе и Америке бренда.<BR>В каждой паре кожаная стелька с супинатором,&nbsp; которая предотвратит&nbsp; плоскостопие, а ортопедическая подошва не приведет ребенка к косолапию. ";" 27";"";"";"Светло-розовый"
29339312;"Одежда, обувь и аксессуары,Обувь,Детская обувь,Обувь для девочек,Босоножки, тапочки,Босоножки";"Босоножки WeeStep 18,1 см 28 р Светло-розовый R529050541P";"2904293393123";"R529050541P";"WeeStep";430;0;http://134.249.121.87/Rozetka/Photo/29339312.jpg,http://134.249.121.87/Rozetka/Photo/29339312_1.jpg,http://134.249.121.87/Rozetka/Photo/29339312_2.jpg;"";"";"";"";"";"";"";"";"";"";"";"Летние босоножки с закрытым носком для девочки. Они изготовлены из комбинированной (вся передняя часть из натуральной кожи, а пятка из экокожи) кожи в светло-розовом цвете. Подошва из поливинилхлорида характеризуется высокой износостойкостью и устойчивостью к деформации. Небольшой каблук помогает формированию правильного свода стопы. Мягкая кожаная стелька снижает нагрузку во время ходьбы, регулирует циркуляцию воздуха, делает прогулку комфортной. Жесткий задник и две регулируемые липучки отлично фиксируют обувь на детских ногах. Закрытый носок защищает пальцы ребенка от ударов и мелких камней. Подарите малышам комфортные летние прогулки в удобной детской обуви от <STRONG>ТМ Weestep</STRONG>.<BR>Детская обувь <STRONG>Weestep</STRONG>&nbsp; хорошо зарекомендовала себя на многих мировых рынках, благодаря высокому качеству и модным трендовым моделям. А идеальное соотношение цены и качества помогает продавать эту обувь легко и с удовольствием!<BR>При производстве обуви <STRONG>Weestep</STRONG> сырье проходит строгий отбор и проверку на экологичность.&nbsp; Для упаковки используется картон, который может перерабатываться и повторно использоваться.<BR>Бренд <STRONG>Weestep</STRONG> развивает дистрибьюцию во всем мире и уже покорил много стран!<BR>С осени 2019 года компания <STRONG>Weestep</STRONG> стала эксклюзивным представителем в Украине известного в Европе и Америке бренда.<BR>В каждой паре кожаная стелька с супинатором,&nbsp; которая предотвратит&nbsp; плоскостопие, а ортопедическая подошва не приведет ребенка к косолапию. ";" 28";"";"";"Светло-розовый"
29339313;"Одежда, обувь и аксессуары,Обувь,Детская обувь,Обувь для девочек,Босоножки, тапочки,Босоножки";"Босоножки WeeStep 18,8 см 29 р Светло-розовый R529050541P";"2904293393130";"R529050541P";"WeeStep";430;1;http://134.249.121.87/Rozetka/Photo/29339313.jpg,http://134.249.121.87/Rozetka/Photo/29339313_1.jpg,http://134.249.121.87/Rozetka/Photo/29339313_2.jpg;"";"";"";"";"";"";"";"";"";"";"";"Летние босоножки с закрытым носком для девочки. Они изготовлены из комбинированной (вся передняя часть из натуральной кожи, а пятка из экокожи) кожи в светло-розовом цвете. Подошва из поливинилхлорида характеризуется высокой износостойкостью и устойчивостью к деформации. Небольшой каблук помогает формированию правильного свода стопы. Мягкая кожаная стелька снижает нагрузку во время ходьбы, регулирует циркуляцию воздуха, делает прогулку комфортной. Жесткий задник и две регулируемые липучки отлично фиксируют обувь на детских ногах. Закрытый носок защищает пальцы ребенка от ударов и мелких камней. Подарите малышам комфортные летние прогулки в удобной детской обуви от <STRONG>ТМ Weestep</STRONG>.<BR>Детская обувь <STRONG>Weestep</STRONG>&nbsp; хорошо зарекомендовала себя на многих мировых рынках, благодаря высокому качеству и модным трендовым моделям. А идеальное соотношение цены и качества помогает продавать эту обувь легко и с удовольствием!<BR>При производстве обуви <STRONG>Weestep</STRONG> сырье проходит строгий отбор и проверку на экологичность.&nbsp; Для упаковки используется картон, который может перерабатываться и повторно использоваться.<BR>Бренд <STRONG>Weestep</STRONG> развивает дистрибьюцию во всем мире и уже покорил много стран!<BR>С осени 2019 года компания <STRONG>Weestep</STRONG> стала эксклюзивным представителем в Украине известного в Европе и Америке бренда.<BR>В каждой паре кожаная стелька с супинатором,&nbsp; которая предотвратит&nbsp; плоскостопие, а ортопедическая подошва не приведет ребенка к косолапию. ";" 29";"";"";"Светло-розовый"
29339314;"Одежда, обувь и аксессуары,Обувь,Детская обувь,Обувь для девочек,Босоножки, тапочки,Босоножки";"Босоножки WeeStep 19,5 см 30 р Светло-розовый R529050541P";"2904293393147";"R529050541P";"WeeStep";430;0;http://134.249.121.87/Rozetka/Photo/29339314.jpg,http://134.249.121.87/Rozetka/Photo/29339314_1.jpg,http://134.249.121.87/Rozetka/Photo/29339314_2.jpg;"";"";"";"";"";"";"";"";"";"";"";"Летние босоножки с закрытым носком для девочки. Они изготовлены из комбинированной (вся передняя часть из натуральной кожи, а пятка из экокожи) кожи в светло-розовом цвете. Подошва из поливинилхлорида характеризуется высокой износостойкостью и устойчивостью к деформации. Небольшой каблук помогает формированию правильного свода стопы. Мягкая кожаная стелька снижает нагрузку во время ходьбы, регулирует циркуляцию воздуха, делает прогулку комфортной. Жесткий задник и две регулируемые липучки отлично фиксируют обувь на детских ногах. Закрытый носок защищает пальцы ребенка от ударов и мелких камней. Подарите малышам комфортные летние прогулки в удобной детской обуви от <STRONG>ТМ Weestep</STRONG>.<BR>Детская обувь <STRONG>Weestep</STRONG>&nbsp; хорошо зарекомендовала себя на многих мировых рынках, благодаря высокому качеству и модным трендовым моделям. А идеальное соотношение цены и качества помогает продавать эту обувь легко и с удовольствием!<BR>При производстве обуви <STRONG>Weestep</STRONG> сырье проходит строгий отбор и проверку на экологичность.&nbsp; Для упаковки используется картон, который может перерабатываться и повторно использоваться.<BR>Бренд <STRONG>Weestep</STRONG> развивает дистрибьюцию во всем мире и уже покорил много стран!<BR>С осени 2019 года компания <STRONG>Weestep</STRONG> стала эксклюзивным представителем в Украине известного в Европе и Америке бренда.<BR>В каждой паре кожаная стелька с супинатором,&nbsp; которая предотвратит&nbsp; плоскостопие, а ортопедическая подошва не приведет ребенка к косолапию. ";" 30";"";"";"Светло-розовый"
29339315;"Одежда, обувь и аксессуары,Обувь,Детская обувь,Обувь для мальчиков,Сандалии, тапочки,Сандалии";"Сандалии WeeStep 17 см 27 р Синий R923150535 LB";"2904293393154";"R923150535 LB";"WeeStep";430;0;http://134.249.121.87/Rozetka/Photo/29339315.jpg,http://134.249.121.87/Rozetka/Photo/29339315_1.jpg;"";"";"Босоножки";"";"";"";"";"";"";"";"";"Летние&nbsp;сандалии с закрытым носком для мальчика. Они изготовлены из комбинированной (передняя часть из натуральной кожи, а пятка из экокожи) кожи в синем цвете. Подошва из поливинилхлорида характеризуется высокой <br>износостойкостью и устойчивостью к деформации.&nbsp;Мягкая кожаная стелька снижает нагрузку во время ходьбы, регулирует циркуляцию воздуха, делает прогулку комфортной. Жесткий <br>задник и&nbsp;регулируемая липучка отлично фиксируют обувь на детских ногах. Закрытый носок защищает пальцы ребенка от ударов и мелких камней. Подарите малышам комфортные летние прогулки в удобной детской обуви от <strong>ТМ <br>Weestep</strong>.<br>Детская обувь <strong>Weestep</strong>&nbsp; хорошо зарекомендовала себя на многих мировых рынках, благодаря высокому качеству и <br>модным трендовым моделям. А идеальное соотношение цены и качества помогает продавать эту обувь легко и с довольствием!<br>При производстве обуви <strong>Weestep</strong> сырье проходит строгий отбор и проверку на экологичность.&nbsp; Для упаковки используется картон, который может перерабатываться и повторно использоваться.<br>Бренд <strong>Weestep</strong> развивает дистрибьюцию во всем мире и уже покорил много стран!<br>С осени 2019 года компания <strong>Weestep</strong> стала эксклюзивным представителем в Украине известного в Европе и Америке бренда.<br>В каждой паре кожаная стелька с супинатором,&nbsp; которая предотвратит&nbsp; плоскостопие, а ортопедическая подошва не приведет ребенка к косолапию.<br>
";" 27";"Летняя";"17";"Синий"
29339316;"Одежда, обувь и аксессуары,Обувь,Детская обувь,Обувь для мальчиков,Сандалии, тапочки,Сандалии";"Сандалии WeeStep 17,8 см 28 р Синий R923150535 LB";"2904293393161";"R923150535 LB";"WeeStep";430;0;http://134.249.121.87/Rozetka/Photo/29339316.jpg,http://134.249.121.87/Rozetka/Photo/29339316_1.jpg;"";"";"";"";"";"";"";"";"";"";"";"Летние&nbsp;сандалии с закрытым носком для мальчика. Они изготовлены из комбинированной (передняя часть из натуральной кожи, а пятка из экокожи) кожи в синем цвете. Подошва из поливинилхлорида характеризуется высокой <BR>износостойкостью и устойчивостью к деформации.&nbsp;Мягкая кожаная стелька снижает нагрузку во время ходьбы, регулирует циркуляцию воздуха, делает прогулку комфортной. Жесткий <BR>задник и&nbsp;регулируемая липучка отлично фиксируют обувь на детских ногах. Закрытый носок защищает пальцы ребенка от ударов и мелких камней. Подарите малышам комфортные летние прогулки в удобной детской обуви от <STRONG>ТМ <BR>Weestep</STRONG>.<BR>Детская обувь <STRONG>Weestep</STRONG>&nbsp; хорошо зарекомендовала себя на многих мировых рынках, благодаря высокому качеству и <BR>модным трендовым моделям. А идеальное соотношение цены и качества помогает продавать эту обувь легко и с довольствием!<BR>При производстве обуви <STRONG>Weestep</STRONG> сырье проходит строгий отбор и проверку на экологичность.&nbsp; Для упаковки используется картон, который может перерабатываться и повторно использоваться.<BR>Бренд <STRONG>Weestep</STRONG> развивает дистрибьюцию во всем мире и уже покорил много стран!<BR>С осени 2019 года компания <STRONG>Weestep</STRONG> стала эксклюзивным представителем в Украине известного в Европе и Америке бренда.<BR>В каждой паре кожаная стелька с супинатором,&nbsp; которая предотвратит&nbsp; плоскостопие, а ортопедическая подошва не приведет ребенка к косолапию.<BR>";" 28";"";"";"Синий"
29339317;"Одежда, обувь и аксессуары,Обувь,Детская обувь,Обувь для мальчиков,Сандалии, тапочки,Сандалии";"Сандалии WeeStep 18,4 см 29 р Синий R923150535 LB";"2904293393178";"R923150535 LB";"WeeStep";430;1;http://134.249.121.87/Rozetka/Photo/29339317.jpg,http://134.249.121.87/Rozetka/Photo/29339317_1.jpg;"";"";"";"";"";"";"";"";"";"";"";"Летние&nbsp;сандалии с закрытым носком для мальчика. Они изготовлены из комбинированной (передняя часть из натуральной кожи, а пятка из экокожи) кожи в синем цвете. Подошва из поливинилхлорида характеризуется высокой <BR>износостойкостью и устойчивостью к деформации.&nbsp;Мягкая кожаная стелька снижает нагрузку во время ходьбы, регулирует циркуляцию воздуха, делает прогулку комфортной. Жесткий <BR>задник и&nbsp;регулируемая липучка отлично фиксируют обувь на детских ногах. Закрытый носок защищает пальцы ребенка от ударов и мелких камней. Подарите малышам комфортные летние прогулки в удобной детской обуви от <STRONG>ТМ <BR>Weestep</STRONG>.<BR>Детская обувь <STRONG>Weestep</STRONG>&nbsp; хорошо зарекомендовала себя на многих мировых рынках, благодаря высокому качеству и <BR>модным трендовым моделям. А идеальное соотношение цены и качества помогает продавать эту обувь легко и с довольствием!<BR>При производстве обуви <STRONG>Weestep</STRONG> сырье проходит строгий отбор и проверку на экологичность.&nbsp; Для упаковки используется картон, который может перерабатываться и повторно использоваться.<BR>Бренд <STRONG>Weestep</STRONG> развивает дистрибьюцию во всем мире и уже покорил много стран!<BR>С осени 2019 года компания <STRONG>Weestep</STRONG> стала эксклюзивным представителем в Украине известного в Европе и Америке бренда.<BR>В каждой паре кожаная стелька с супинатором,&nbsp; которая предотвратит&nbsp; плоскостопие, а ортопедическая подошва не приведет ребенка к косолапию.<BR>";" 29";"";"";"Синий"
29339318;"Одежда, обувь и аксессуары,Обувь,Детская обувь,Обувь для мальчиков,Сандалии, тапочки,Сандалии";"Сандалии WeeStep 19,1 см 30 р Синий R923150535 LB";"2904293393185";"R923150535 LB";"WeeStep";430;0;http://134.249.121.87/Rozetka/Photo/29339318.jpg,http://134.249.121.87/Rozetka/Photo/29339318_1.jpg;"";"";"";"";"";"";"";"";"";"";"";"Летние&nbsp;сандалии с закрытым носком для мальчика. Они изготовлены из комбинированной (передняя часть из натуральной кожи, а пятка из экокожи) кожи в синем цвете. Подошва из поливинилхлорида характеризуется высокой <BR>износостойкостью и устойчивостью к деформации.&nbsp;Мягкая кожаная стелька снижает нагрузку во время ходьбы, регулирует циркуляцию воздуха, делает прогулку комфортной. Жесткий <BR>задник и&nbsp;регулируемая липучка отлично фиксируют обувь на детских ногах. Закрытый носок защищает пальцы ребенка от ударов и мелких камней. Подарите малышам комфортные летние прогулки в удобной детской обуви от <STRONG>ТМ <BR>Weestep</STRONG>.<BR>Детская обувь <STRONG>Weestep</STRONG>&nbsp; хорошо зарекомендовала себя на многих мировых рынках, благодаря высокому качеству и <BR>модным трендовым моделям. А идеальное соотношение цены и качества помогает продавать эту обувь легко и с довольствием!<BR>При производстве обуви <STRONG>Weestep</STRONG> сырье проходит строгий отбор и проверку на экологичность.&nbsp; Для упаковки используется картон, который может перерабатываться и повторно использоваться.<BR>Бренд <STRONG>Weestep</STRONG> развивает дистрибьюцию во всем мире и уже покорил много стран!<BR>С осени 2019 года компания <STRONG>Weestep</STRONG> стала эксклюзивным представителем в Украине известного в Европе и Америке бренда.<BR>В каждой паре кожаная стелька с супинатором,&nbsp; которая предотвратит&nbsp; плоскостопие, а ортопедическая подошва не приведет ребенка к косолапию.<BR>";" 30";"";"";"Синий"
29339319;"Одежда, обувь и аксессуары,Обувь,Детская обувь,Обувь для мальчиков,Сандалии, тапочки,Сандалии";"Сандалии WeeStep 19,7 см 31 р Синий R923150535 LB";"2904293393192";"R923150535 LB";"WeeStep";430;0;http://134.249.121.87/Rozetka/Photo/29339319.jpg,http://134.249.121.87/Rozetka/Photo/29339319_1.jpg;"";"";"";"";"";"";"";"";"";"";"";"Летние&nbsp;сандалии с закрытым носком для мальчика. Они изготовлены из комбинированной (передняя часть из натуральной кожи, а пятка из экокожи) кожи в синем цвете. Подошва из поливинилхлорида характеризуется высокой <BR>износостойкостью и устойчивостью к деформации.&nbsp;Мягкая кожаная стелька снижает нагрузку во время ходьбы, регулирует циркуляцию воздуха, делает прогулку комфортной. Жесткий <BR>задник и&nbsp;регулируемая липучка отлично фиксируют обувь на детских ногах. Закрытый носок защищает пальцы ребенка от ударов и мелких камней. Подарите малышам комфортные летние прогулки в удобной детской обуви от <STRONG>ТМ <BR>Weestep</STRONG>.<BR>Детская обувь <STRONG>Weestep</STRONG>&nbsp; хорошо зарекомендовала себя на многих мировых рынках, благодаря высокому качеству и <BR>модным трендовым моделям. А идеальное соотношение цены и качества помогает продавать эту обувь легко и с довольствием!<BR>При производстве обуви <STRONG>Weestep</STRONG> сырье проходит строгий отбор и проверку на экологичность.&nbsp; Для упаковки используется картон, который может перерабатываться и повторно использоваться.<BR>Бренд <STRONG>Weestep</STRONG> развивает дистрибьюцию во всем мире и уже покорил много стран!<BR>С осени 2019 года компания <STRONG>Weestep</STRONG> стала эксклюзивным представителем в Украине известного в Европе и Америке бренда.<BR>В каждой паре кожаная стелька с супинатором,&nbsp; которая предотвратит&nbsp; плоскостопие, а ортопедическая подошва не приведет ребенка к косолапию.<BR>";" 31";"";"";"Синий"
29339320;"Одежда, обувь и аксессуары,Обувь,Детская обувь,Обувь для девочек,Босоножки, тапочки,Босоножки";"Босоножки BI&KI 20,5 см 32 р Светло-розовый C-B003-58-B";"2904293393208";"C-B003-58-B";"BI&KI";320;0;http://134.249.121.87/Rozetka/Photo/29339320.jpg,http://134.249.121.87/Rozetka/Photo/29339320_1.jpg,http://134.249.121.87/Rozetka/Photo/29339320_2.jpg,http://134.249.121.87/Rozetka/Photo/29339320_3.jpg,http://134.249.121.87/Rozetka/Photo/29339320_4.jpg,http://134.249.121.87/Rozetka/Photo/29339320_5.jpg;"";"";"";"";"";"";"";"";"";"";"";"<STRONG>BI&amp;KI</STRONG> - международный бренд, специализирующийся на изготовлении детской и подростковой обуви. За счет профессионального подхода и полного контроля над всей производственной цепочкой компания <STRONG>BI&amp;KI </STRONG>успешно движется в направлении достижения мирового уровня качества продукции с соответствующим стандартом предлагаемых услуг, способствующих реализации бренда на международном рынке. <STRONG>BI&amp;KI</STRONG> - специализированное предприятие полного цикла от планирования, проектирования, выбора технологии, производства, изготовления, контроля качества - до реализации, доставки и обслуживания возможных претензий.<BR><STRONG>BI&amp;KI</STRONG> - это удобная и стильная детская обувь, которая производится по самым инновационным мировым технологиям.<BR>Поэтому бренд стал символом отличного качества и лидером в производстве недорогих моделей обуви для детей и подростков.<BR>Все материалы, которые применяются в выпуске изделий, проходят строгую сертификацию, это свидетельствует об ответственном отношении к производству товаров.<BR>Самое большое внимание производители уделяют правильному формированию стоп ребенка. Продукция <STRONG>BI&amp;KI </STRONG>соответствует этим стандартам. Качественно выполненная, разработанная с учетом рекомендаций специалистов, обувь позволяет избежать патологий. Для профилактики плоскостопия производитель оснащает свои модели анатомическими стельками-супинаторами, сотрудники внимательно подходит к выбору высоты каблука, его ширины.<BR>Модели имеют жесткий задник, который фиксирует ногу. Грамотно разработанные и изготовленные модели имеют при этом вполне доступную стоимость, так что все родители получают возможность купить своим деткам качественную продукцию.<BR>Обувь этой марки с удовольствием носят все дети, радует она своим качеством и родителей. ";" 32";"";"";"Светло-розовый"
29339321;"Одежда, обувь и аксессуары,Обувь,Детская обувь,Обувь для девочек,Босоножки, тапочки,Босоножки";"Босоножки BI&KI 21 см 33 р Светло-розовый C-B003-58-B";"2904293393215";"C-B003-58-B";"BI&KI";320;1;http://134.249.121.87/Rozetka/Photo/29339321.jpg,http://134.249.121.87/Rozetka/Photo/29339321_1.jpg,http://134.249.121.87/Rozetka/Photo/29339321_2.jpg,http://134.249.121.87/Rozetka/Photo/29339321_3.jpg,http://134.249.121.87/Rozetka/Photo/29339321_4.jpg,http://134.249.121.87/Rozetka/Photo/29339321_5.jpg;"";"";"";"";"";"";"";"";"";"";"";"<STRONG>BI&amp;KI</STRONG> - международный бренд, специализирующийся на изготовлении детской и подростковой обуви. За счет профессионального подхода и полного контроля над всей производственной цепочкой компания <STRONG>BI&amp;KI </STRONG>успешно движется в направлении достижения мирового уровня качества продукции с соответствующим стандартом предлагаемых услуг, способствующих реализации бренда на международном рынке. <STRONG>BI&amp;KI</STRONG> - специализированное предприятие полного цикла от планирования, проектирования, выбора технологии, производства, изготовления, контроля качества - до реализации, доставки и обслуживания возможных претензий.<BR><STRONG>BI&amp;KI</STRONG> - это удобная и стильная детская обувь, которая производится по самым инновационным мировым технологиям.<BR>Поэтому бренд стал символом отличного качества и лидером в производстве недорогих моделей обуви для детей и подростков.<BR>Все материалы, которые применяются в выпуске изделий, проходят строгую сертификацию, это свидетельствует об ответственном отношении к производству товаров.<BR>Самое большое внимание производители уделяют правильному формированию стоп ребенка. Продукция <STRONG>BI&amp;KI </STRONG>соответствует этим стандартам. Качественно выполненная, разработанная с учетом рекомендаций специалистов, обувь позволяет избежать патологий. Для профилактики плоскостопия производитель оснащает свои модели анатомическими стельками-супинаторами, сотрудники внимательно подходит к выбору высоты каблука, его ширины.<BR>Модели имеют жесткий задник, который фиксирует ногу. Грамотно разработанные и изготовленные модели имеют при этом вполне доступную стоимость, так что все родители получают возможность купить своим деткам качественную продукцию.<BR>Обувь этой марки с удовольствием носят все дети, радует она своим качеством и родителей. ";" 33";"";"";"Светло-розовый"
29339322;"Одежда, обувь и аксессуары,Обувь,Детская обувь,Обувь для девочек,Босоножки, тапочки,Босоножки";"Босоножки BI&KI 21,8 см 34 р Светло-розовый C-B003-58-B";"2904293393222";"C-B003-58-B";"BI&KI";320;0;http://134.249.121.87/Rozetka/Photo/29339322.jpg,http://134.249.121.87/Rozetka/Photo/29339322_1.jpg,http://134.249.121.87/Rozetka/Photo/29339322_2.jpg,http://134.249.121.87/Rozetka/Photo/29339322_3.jpg,http://134.249.121.87/Rozetka/Photo/29339322_4.jpg,http://134.249.121.87/Rozetka/Photo/29339322_5.jpg;"";"";"";"";"";"";"";"";"";"";"";"<STRONG>BI&amp;KI</STRONG> - международный бренд, специализирующийся на изготовлении детской и подростковой обуви. За счет профессионального подхода и полного контроля над всей производственной цепочкой компания <STRONG>BI&amp;KI </STRONG>успешно движется в направлении достижения мирового уровня качества продукции с соответствующим стандартом предлагаемых услуг, способствующих реализации бренда на международном рынке. <STRONG>BI&amp;KI</STRONG> - специализированное предприятие полного цикла от планирования, проектирования, выбора технологии, производства, изготовления, контроля качества - до реализации, доставки и обслуживания возможных претензий.<BR><STRONG>BI&amp;KI</STRONG> - это удобная и стильная детская обувь, которая производится по самым инновационным мировым технологиям.<BR>Поэтому бренд стал символом отличного качества и лидером в производстве недорогих моделей обуви для детей и подростков.<BR>Все материалы, которые применяются в выпуске изделий, проходят строгую сертификацию, это свидетельствует об ответственном отношении к производству товаров.<BR>Самое большое внимание производители уделяют правильному формированию стоп ребенка. Продукция <STRONG>BI&amp;KI </STRONG>соответствует этим стандартам. Качественно выполненная, разработанная с учетом рекомендаций специалистов, обувь позволяет избежать патологий. Для профилактики плоскостопия производитель оснащает свои модели анатомическими стельками-супинаторами, сотрудники внимательно подходит к выбору высоты каблука, его ширины.<BR>Модели имеют жесткий задник, который фиксирует ногу. Грамотно разработанные и изготовленные модели имеют при этом вполне доступную стоимость, так что все родители получают возможность купить своим деткам качественную продукцию.<BR>Обувь этой марки с удовольствием носят все дети, радует она своим качеством и родителей. ";" 34";"";"";"Светло-розовый"
29339323;"Одежда, обувь и аксессуары,Обувь,Детская обувь,Обувь для девочек,Босоножки, тапочки,Босоножки";"Босоножки BI&KI 22,4 см 35 р Светло-розовый C-B003-58-B";"2904293393239";"C-B003-58-B";"BI&KI";320;2;http://134.249.121.87/Rozetka/Photo/29339323.jpg,http://134.249.121.87/Rozetka/Photo/29339323_1.jpg,http://134.249.121.87/Rozetka/Photo/29339323_2.jpg,http://134.249.121.87/Rozetka/Photo/29339323_3.jpg,http://134.249.121.87/Rozetka/Photo/29339323_4.jpg,http://134.249.121.87/Rozetka/Photo/29339323_5.jpg;"";"";"";"";"";"";"";"";"";"";"";"<STRONG>BI&amp;KI</STRONG> - международный бренд, специализирующийся на изготовлении детской и подростковой обуви. За счет профессионального подхода и полного контроля над всей производственной цепочкой компания <STRONG>BI&amp;KI </STRONG>успешно движется в направлении достижения мирового уровня качества продукции с соответствующим стандартом предлагаемых услуг, способствующих реализации бренда на международном рынке. <STRONG>BI&amp;KI</STRONG> - специализированное предприятие полного цикла от планирования, проектирования, выбора технологии, производства, изготовления, контроля качества - до реализации, доставки и обслуживания возможных претензий.<BR><STRONG>BI&amp;KI</STRONG> - это удобная и стильная детская обувь, которая производится по самым инновационным мировым технологиям.<BR>Поэтому бренд стал символом отличного качества и лидером в производстве недорогих моделей обуви для детей и подростков.<BR>Все материалы, которые применяются в выпуске изделий, проходят строгую сертификацию, это свидетельствует об ответственном отношении к производству товаров.<BR>Самое большое внимание производители уделяют правильному формированию стоп ребенка. Продукция <STRONG>BI&amp;KI </STRONG>соответствует этим стандартам. Качественно выполненная, разработанная с учетом рекомендаций специалистов, обувь позволяет избежать патологий. Для профилактики плоскостопия производитель оснащает свои модели анатомическими стельками-супинаторами, сотрудники внимательно подходит к выбору высоты каблука, его ширины.<BR>Модели имеют жесткий задник, который фиксирует ногу. Грамотно разработанные и изготовленные модели имеют при этом вполне доступную стоимость, так что все родители получают возможность купить своим деткам качественную продукцию.<BR>Обувь этой марки с удовольствием носят все дети, радует она своим качеством и родителей. ";"35";"";"";"Светло-розовый"
29339324;"Одежда, обувь и аксессуары,Обувь,Детская обувь,Обувь для девочек,Босоножки, тапочки,Босоножки";"Босоножки BI&KI 23 см 36 р Светло-розовый C-B003-58-B";"2904293393246";"C-B003-58-B";"BI&KI";320;1;http://134.249.121.87/Rozetka/Photo/29339324.jpg,http://134.249.121.87/Rozetka/Photo/29339324_1.jpg,http://134.249.121.87/Roz